Código;Alimento;Unidades;Factor Correc;Agua (g);Energía (kcal);Proteínas (g);Lípidos (g);Ácidos Grasos Saturados (g);Ácidos Grasos Monoinsaturados (g);Ácidos Grasos Poliinsaturados (g);Colesterol (mg);Hidratos de Carbono (g);Fibra (g);Cenizas (g);Sodio (mg);Potasio (mg);Calcio (mg);Fósforo (mg);Hierro (mg);Zinc (mg);Niacina (mg);Folatos (µg);Vitamina A (µg RAE);Tiamina (B1) (mg);Riboflavina (B2) (mg);Vitamina B12 (µg);Vitamina C (mg);Vitamina D (UI)
A001;Almidón de maíz;gramos;1;8,32;362,97;0,26;0,05;0,009;0,016;0,025;0;90,37;0,9;0,09;9;3;2;13;0,47;0,06;0;0;0;0;0;0;0;0
A002;Amaranto;gramos;1;9,84;320,27;14,45;6,51;1,662;1,433;2,891;0;50,97;15,2;3,03;21;366;153;455;7,59;3,18;1,29;49;0;0,08;0,208;0;0;0
A003;Arroz blanco;gramos;1;12,5;346,2;6,9;0,2;0,054;0,061;0,052;0;79,2;0;1,2;4;78;9;93;0,7;1,19;4,7;9,27;0;0,038;0,091;0;0;0
A004;Arroz integral;gramos;1;7,76;343,44;14,73;1,08;0,156;0,159;0,676;0;68,7;6,2;1,53;7;427;21;433;1,96;5,96;6,73;95;1;0,115;0,262;0;0;0
A005;Avena arrollada;gramos;1;8,8;349,5;16;6,3;1,11;1,98;2,3;0;57,2;9,8;1,9;4;350;52;474;4,2;3,07;0,78;32;0;0,73;0,14;0;0;0
A006;Arveja semilla seca entera cruda;gramos;1;11,6;296,7;22,5;2,9;0,402;0,605;1,237;0;45,15;13,5;2,56;14,1;1096;52,2;340;4,3;4,2;2,81;266;7;0,705;0,208;0;0;0
A007;Arveja semilla seca partida cruda ó germen de trigo;gramos;1;11,1;309,3;22;2,9;0,162;0,244;0,499;0;48,8;12,2;2,65;16;988;51;349;4,5;3,7;2,92;277;7;0,733;0,217;0;0;0
A008;Barras de cereales / turron;gramos;1;14,5;368,3;4,4;7,5;1,5;5;0,9;0;70,8;2,1;0,7;297;197;41;103;4,86;4,1;13,5;108;608;1;1,1;0;0;0
A009;Bizcochos de grasa / Mantecado / tortitas Jachaleras;gramos;1;7;458,8;6;24;11,96;10,04;0,96;26;54,7;6,4;1,9;628;148;35;143;5,2;0,5;4,38;370,1;5;0,83;0,41;0;0;0
A010;Bizcochos tipo Bay Biscuit / bollitos de anis;gramos;1;9;370;11,5;4,4;1,5;1,4;0,9;0;71,1;1,4;2,6;171;97;212;125;1,24;0,9;4,3;0;34,8;0,2;0,5;0;0;0
A011;Cappelettis;gramos;1;37,55;266,71;8,22;8,39;1,62;2,01;3,46;28;39,58;3,05;1,4;39,24;197;44,4;141,3;1,8;1,28;1,12;21,16;49,25;0,158;0,12;0,095;0;0
A012;Copos de cereales azucarados / Tutuca / Puflito;gramos;1;3;365,2;7;0,8;0,19;0,11;0,32;0;82,5;3,5;3,2;725;90;7;50;7,9;0,27;17,9;19;537;1,3;1,53;5,4;0;0
A013;Chipá;gramos;1;21,2;369,46;3,33;12,14;7,07;4,36;0,36;56;61,72;0,63;0,86;105,8;32,7;30,91;27,46;1,28;0,48;0,03;7,1;102,85;0,021;0,075;0,205;0;0
A014;Churros;gramos;1;24;453,52;6,11;28,76;11,85;9,77;6,084;68;42,56;2,44;2,89;58,66;103,2;11,66;105,56;2,78;0,96;1,7;244,94;157;0,511;0,146;0,09;0;0
A015;Facturas rellenas;gramos;1;28;336,97;4,13;13,05;7,16;4,8;0,38;45;50,75;1,81;2,26;47,87;96,3;13,17;78,6;3,27;0,67;1,08;147,93;104;0,307;0,099;0,05;0;0
A016;Facturas simples;gramos;1;30;354,25;5,42;18,53;10,19;6,81;0,53;63;41,45;2,16;2,44;54,7;91,4;10,52;93,72;2,19;0,9;1,39;182,06;148;0,393;0,13;0,092;0;0
A017;Fideos frescos crudos;gramos;1;27,26;284,99;10,6;4,79;0,84;1,1;0,94;104;49,87;3,53;2,4;38,84;167,2;21,38;180,68;1,72;1,63;1,35;29,3;32,5;0,22;0,188;0,29;0;0
A018;Fideos secos;gramos;1;10,25;355,74;12,78;1,58;0,225;0,186;0,647;0;72,6;2,4;0,39;7;162;18;150;4,3;1,21;3;392;0;0,72;0,19;0;0;0
A019;Galletas de arroz;gramos;1;5,8;374,7;7,1;4,3;0,875;1,582;1,52;0;76,9;4,2;1,7;71;428;11;360;1,5;3;7,81;21;0;0,06;0,29;0;0;0
A020;Galletitas de harina blanca;gramos;1;5,1;433,5;13,5;15,5;3,79;9,3;2,4;0;60;2;3,9;323;99;44;174;3,43;0;2,4;316,2;0;0,63;0,61;0;0;0
A021;Galletitas tipo Express;gramos;1;5,1;433,5;13,5;15,5;3,79;9,3;2,4;0;60;2;3,9;323;99;44;174;3,43;0;2,4;316,2;0;0,63;0,61;0;0;0
A022;Galletitas integrales;gramos;1;5,4;410,6;10,6;15,8;3,86;9,48;2,45;0;56,5;9,8;1,89;141;182;19;200;2;2,2;4,5;24;0;0,2;0,1;0;0;0
A023;Galletitas dulces rellenas;gramos;1;2,2;480,4;4,5;20;2,979;8,437;7,551;0;70,6;1,5;1,2;349;91;27;75;3,21;0,4;3,12;149,8;0;0,471;0,283;0;0;0
A024;Galletitas dulces simples tipo Manón;gramos;1;3;415,34;8,5;10,1;2,81;5,6;0,84;0;72,61;0,4;5,4;233;41;42;111;2,25;2,17;1,02;90;12;0,2;0,05;9;0;0
A025;Garbanzos;gramos;1;11,53;304,56;19,3;6,04;0,626;1,358;2,694;0;43,25;17,4;2,48;24;875;105;366;6,24;3,43;1,54;557;3;0,477;0,212;0;0;0
A026;Granola;gramos;1;3,5;383,42;8;5,5;1,39;1,54;1,03;1;75,48;5,7;1,8;237;407;60;267;2,63;1,93;1,87;24;1;0,3;0,17;0,1;0;0
A027;Harina de Algarrobo / Patay;gramos;1;3,58;219,85;4,62;0,65;0,09;0,197;0,216;0;48,88;40;2,27;35;827;348;79;2,94;0,92;1,9;29;1;0,053;0,461;0;0;0
A028;Harina de arroz;gramos;1;11,89;347,5;5,95;1,42;0,386;0,442;0,379;0;77,73;2,4;0,61;0;76;10;98;0,35;0,8;2,59;4;0;0,138;0,021;0;0;0
A029;Harina de cebada;gramos;1;10;314,78;10,2;1,7;0,405;0,248;0,932;0;64,67;12,23;1,2;4,84;374,2;38,75;358,45;3,26;2,42;1,7;9,68;0;0,081;0,16;0;0;0
A030;Harina de centeno;gramos;1;11;305,7;8,9;0,9;0,088;0,104;0,383;0;65,5;13;0,7;2,68;304,5;21,49;185,3;1,88;1,77;1,3;17,1;0;0,143;0,258;0;0;0
A031;Harina de Maíz;gramos;1;10,7;361,84;11,1;3,2;0,412;0,798;1,372;0;72,16;1,74;1,1;25;269;12;87;2,61;0,33;2,4;44;10,1;0,189;0,131;0;0;0
A032;Harina de Soja;gramos;1;7,25;282,5;47,01;1,22;0,136;0,208;0,533;0;20,87;17,5;6,15;20;2384;241;674;9,24;2,46;2,61;305;2;0,698;0,253;0;0;0
A033;Harina de Trigo;gramos;1;13,1;340,14;10,3;2,7;0,427;0,239;1,135;0;68,66;4,6;0,64;10;176;11;171;4,5;1,8;3;398;0;0,849;0,22;0;0;0
A034;Harina de Trigo integral;gramos;1;12,4;307,76;11,4;3;0,515;0,371;1,246;0;58,79;12,6;1,81;16;605;27;267;3,3;3,8;5,2;36,5;0;1,557;0,364;0;0;0
A035;Lentejas;gramos;1;10,9;224;20,8;0,8;0,14;0,168;0,46;0;33,4;31,4;2,7;12;1104;46;265;3,86;3,72;1,5;446;2;0,385;0,189;0;0;0
A036;Maíz grano entero;gramos;1;13,4;323,7;9,5;0,9;0,126;0,237;0,409;0;69,4;5,5;1,3;27;218;4,5;280;2,6;1,4;2,76;19;8,36;0,29;0,15;8;0;0
A037;Masa tarta o empanadas;gramos;1;19,7;455,6;5,7;30,8;7,674;13,5;8,119;0;38,9;3,4;1,5;482;59;9;60;2,57;0,39;2,94;10;0;0,348;0,246;0;0;0
A038;Masa de pizza;gramos;1;42,86;214,62;6,18;3,82;0,324;0,647;1,565;0;38,88;2,76;2,36;750;105,6;6,6;102,6;2,6;1,08;1,76;226,9;0;0,491;0,124;0;0;0
A039;Ñoquis de papa;gramos;1;48,45;196,68;6,47;2,12;0,363;0,395;0,288;40;37,93;2,87;0,61;17,94;329;26,82;125;1,18;1,08;1,72;21,58;11,43;0,168;0,108;0,058;0;0
A040;Pan de Centeno;gramos;1;37,3;233,7;8,5;3,3;0,626;1,311;0,799;0;42,5;5,8;2,5;660;166;73;125;2,83;1,14;3,81;51;0;0,434;0,335;0;0;0
A041;Pan frances;gramos;1;29,8;256,3;8,4;0,7;0,147;0,279;0,159;0;54,1;2,8;1,4;136;175;19;136;3,33;1,8;3,3;318,6;0;0,732;0,382;0;0;0
A042;Pan de Gluten;gramos;1;40;231,4;12,1;2,2;0,332;0,183;1,009;0;40,8;3;1,9;547;322;124;185;4,15;1,82;4,29;35;0;0,36;0,394;0;0;0
A043;Pan de maiz;gramos;1;39,1;252,7;6,7;7,1;1,555;1,83;3,206;40;40,5;3;3,6;658;147;249;169;2,5;0,6;2,25;19;83;0,291;0,294;0,15;0;0
A044;Pan de miga;gramos;1;29,8;256,3;8,4;0,7;0,147;0,279;0,159;0;54,1;2,8;1,4;136;175;19;136;3,33;1,8;3,3;318,6;0;0,732;0,382;0;0;0
A045;Pan de salvado;gramos;1;35;223,2;9,8;1,6;0,366;0,76;0,305;0;42,4;9,2;2;112;338;68;209;1,2;1,46;4,75;27;0;0,429;0,31;0;0;0
A046;Pan de viena;gramos;1;24,7;298,06;9,8;1,9;0,44;0,37;0,17;0;60,44;2,16;1;71;132;39;157;1,2;1,21;6,6;43;0;0,723;0,457;0;0;0
A047;Pan lactal;gramos;1;34,8;260,6;7,7;2,6;0,391;0,527;1,401;0;51,6;2;1,3;336;111;32;96;3,18;0,59;3,73;27;12;0,431;0,352;0,02;0;0
A048;Pan Lactal con salvado;gramos;1;37,7;233,4;9,7;4,2;0,917;1,68;1,003;0;39,2;6,9;2,3;527;252;72;229;3,3;1,94;3,84;50;0;0,351;0,205;0,01;0;0
A049;Pan negro sin levadura;gramos;1;32,2;235,16;9,6;0,6;0,132;0,275;0,11;0;47,84;8,46;1,3;45;214;24;210;2,3;1,38;5,18;29,4;0;0,467;0,34;0;0;0
A050;Pan rallado;gramos;1;6,51;371,02;13,35;5,3;1,203;1,023;2,06;0;67,48;4,5;2,86;732;196;183;165;7,78;1,45;7,9;392;0;1,587;0,533;0,35;0;0
A051;Porotos;gramos;1;11,95;303,14;23,52;1,26;0,331;0,106;0,542;0;49,43;10,6;3,24;16;1112;110;424;8,27;3,37;2,08;633;3;0,853;0,226;0;0;0
A052;Porotos de soja;gramos;1;8,54;408,86;36,49;19,94;2,884;4,404;11,255;0;20,86;9,3;4,87;2;1797;277;704;15,7;4,89;1,62;375;0;0,874;0,87;0;0;0
A053;Quinua semilla cruda/semilla de lino;gramos;1;9,3;356,6;13,1;5,8;0,59;1,535;2,347;0;63;5,9;2,9;21;740;60;410;9,25;3,3;2,93;49;0;0,198;0,396;0;0;0
A054;Ravioles frescos;gramos;1;37,55;266,71;8,22;8,39;1,62;2,01;3,46;28;39,58;3,05;1,2;39,24;197;44,4;141,3;1,8;1,28;1,12;21,16;49,25;0,158;0,12;0,095;0;0
A055;Salvado de avena;gramos;1;6,55;335,75;17,3;7,03;1,328;2,376;2,766;0;50,82;15,4;2,89;4;566;58;734;5,41;3,11;0,93;52;0;1,17;0,22;0;0;0
A056;Salvado de trigo;gramos;1;14;171,02;16,4;5,5;0,447;0,452;1,57;0;13,98;44,7;5,42;27;1304;74;904;9,2;9,6;19,1;56;0;1,058;0,5;0;0;0
A057;Savado de trigo tipo all bran;gramos;1;3;247,88;12,5;3,32;0,54;0,74;2,04;0;42;32;7,18;258;1130;330;1130;16;6;16;41;525;1,2;1,4;20;0;0
A058;Semola - vitina - anchi;gramos;1;12,4;332,9;11,7;0,9;0,2;0,1;0,4;0;69,5;3,9;1,6;11;149;12;132;2,71;1,1;3,6;72;0;0,183;0,124;0;0;0
A059;Tapioca (harina de mandioca);gramos;1;10,99;352,1;0,19;0,02;0,005;0,005;0,003;0;87,79;0,9;0,11;1;11;20;7;1,58;0,12;0;4;0;0,004;0;0;0;0
A060;Trigo grano entero crudo;gramos;1;12,7;305,2;12,4;2;0,301;0,186;0,686;0;59,4;10,4;3,1;9;355;14;333;2,62;2,84;3,91;34;0;0,336;0,088;0;0;0
A061;Vainillas;gramos;1;6,2;400,14;10,2;8,9;2,49;4,97;0,74;0;69,81;0,19;4,7;111;138;69;339;2,28;1,04;1,79;164,6;6;1,64;3,1;4,3;0;0
A062;Torta fritas;gramos;1;13,57;468,84;6,11;28,76;11,85;9,77;6,084;68;46,39;2,44;1,42;58,66;103,2;11,66;105,56;2,94;0,96;1,77;265,34;156,64;0,541;0,156;0,09;0;0
A063;Bizcochos tipo Canale;gramos;1;9,8;388,5;11;8,5;2,89;2,7;1,74;0;67;1,4;2,3;20;73;194;110;4,01;0,9;2,5;0;34,8;0,056;0,111;0;0;0
A064;Galleta de campo;gramos;1;29,8;264,7;8,4;0,7;0,147;0,279;0,159;0;56,2;2,8;1,4;136;175;19;136;3,41;1,8;3,34;300,9;27,9;0,742;0,382;0;0;0
A065;Galleta marinera;gramos;1;10,5;360,74;12,8;0,7;0,171;0,42;0,108;0;75,81;0,09;0,1;30;10,3;16;115;3,24;0,51;4,36;405;0;0,991;0,45;0;0;0
A066;Galletas de agua sin sal;gramos;1;5,1;433,5;13,5;15,5;3,79;9,3;2,4;0;60;2;3,9;109;99;44;174;3,43;0;1,1;316,2;0;0,63;0,61;0;0;0
A067;Galletas integrales sin sal;gramos;1;5,4;410,6;10,6;15,8;3,86;9,48;2,45;0;56,5;9,8;1,89;74;182;19;200;2;2,2;4,5;28;0;0,2;0,1;0;0;0
A068;Obleas / Cucurucho / Cubanito + el relleno correspondiente en otro codigo;gramos;1;12;438,7;4,9;21,1;5,16;12,66;3,27;0;57,3;0,7;4;208;43;46;128;2,95;0,11;1,56;149;0;0,376;0,123;0;0;0
A069;Grisines;gramos;1;10;341,84;12,5;0,2;0,04;0,12;0,031;0;72,51;0,09;4,7;628;148;24;143;4,65;0,53;4,52;388,6;0;0,979;0,467;0;0;0
A070;Harina de quinua;gramos;1;13,7;335,8;9,1;2,6;0,28;0,741;1,13;0;69;3,1;2,5;14,2;496;181;61;3,7;0;0,68;33;0;0,16;0,21;0;0;0
A071;Pan árabe;gramos;1;41,5;239,53;7,12;4,01;0,644;0,663;1,484;0;43,74;3,08;0,48;264;127,6;15,98;162;2,97;1,23;0,95;254;2;1,55;0,152;0,03;0;0
A072;Pan criollo / semita / tortillas / bollos / Harinitas (cada una: harina de maiz 5 gramos + azúcar 2 gramos);gramos;1;25,26;309,53;10,06;3,93;1,957;1,642;0,157;11;58,48;0,09;2,18;631;290;34;81;5,39;2;7,45;299,2;42;1,19;0,54;0;0;0
B001;Amargo serrano;mililitros;1;80;80;0;0;0;0;0;0;20;0;0;20;0;0;0;0;0;0;0;0;0;0;0;0;0
B002;Amargo serrano diet;mililitros;1;99,8;0;0;0;0;0;0;0;0;0;0,2;45;0;0;0;0;0;0;0;0;0;0;0;0;0
B003;Bebidas a base de soja;mililitros;1;89,26;47,08;3,75;2,08;0,214;0,326;0,833;0;3,34;1,3;0,27;12;141;4;49;0,58;0,23;0,15;2;2;0,161;0,07;0;0;0
B004;Bebidas a base de soja light;mililitros;1;95,2;17,8;0,6;0,2;0,199;0,303;0,774;0;3,4;0,3;0,25;11,25;131,1;48;45,57;1,12;0,21;0,14;1,86;48;0,149;0,065;0,06;0;0
B005;Bebidas destiladas promedio;mililitros;1;66,6;234;0;0;0;0;0;0;0;0;0;1;2;0;4;0,04;0,04;0,01;0;0;0,006;0,004;0;0;0
B006;Cerveza con alcohol;mililitros;1;94,32;40;0,3;0,06;0;0;0;0;1,51;0,1;0,1;4;25;5;13;0,02;0,01;0,45;6;0;0,006;0,026;0,02;0;0
B007;Cerveza sin alcohol;mililitros;1;93,5;23,6;0;0;0;0;0;0;5,9;0,1;0,1;4;25;5;13;0,02;0,01;0,45;6;0;0,006;0,026;0,02;0;0
B008;Gaseosas;mililitros;1;89,1;43,2;0,05;0;0;0;0;0;10,75;0;0,1;4;1;3;13;0,02;0,01;0;0;0;0;0;0;0;0
B009;Gaseosas diet;mililitros;1;99,8;0,4;0,1;0;0;0;0;0;0;0;0,1;6;2;4;0;0,04;0;0;0;0;0;0;0;0;0
B010;Jugo tipo Cepita;mililitros;1;87,93;47,55;0,06;0,11;0,019;0,05;0,033;0;11,58;0,1;0,22;3;119;7;7;0,37;0,03;0,1;0;0;0,021;0,017;0;23,52;0
B011;Jugos en polvo;mililitros;1;0,4;398,6;0,1;0,2;0,035;0,062;0,098;0;99,1;0;0,2;38;5;3;3;0,44;0;0,07;0;0;0,003;0,11;0;200;0
B012;Jugos en polvo diet;mililitros;1;0,4;0;0;0;0;0;0;0;0;0;0;24;0;0;0;0;0;0;0;0;0;0;0;0;0
B013;Licores;mililitros;1;31;298;0,1;0,3;0,106;0,022;0,105;0;46,8;0;0,1;8;30;1;6;0,06;0,03;0,14;0;0;0,004;0,012;0;0;0
B014;Refresco concentrado liquido / jugos congelados en sachet / Achilate;mililitros;1;59,2;157,2;0,4;0;0,002;0,003;0,004;0;38,9;0,1;1,4;26;465;10;115;0,26;0,12;0,87;0;1;0,363;3,59;0;0;0
B015;Sidra;mililitros;1;90,13;55;0,38;0;0;0;0;0;4;0;0,19;6;81;8;13;0,34;0,06;0,07;1;0;0,004;0,015;0,01;0;0
B016;Vermoth;mililitros;1;70;174;0;0;0;0;0;0;12;0;0;2;28;6;6,72;0,11;0,02;0;0;0;0;0;0;0;0
B017;Vino;mililitros;1;87,1;79;0,2;0;0;0;0;0;3,2;0;0,2;6;84;8;13;0,35;0,06;0,07;1;0;0,004;0,016;0,01;0;0
C001;Cabra;gramos;1,92;75,84;103,19;20,6;2,31;0,71;1,03;0,17;57;0;0;1,11;82;385;13;180;2,83;4;3,75;5;0;0,11;0,49;1,13;0;0
C002;Cerdo promedio / Carpincho;gramos;1,66;60,7;249,7;19,9;18,9;7,156;9,17;2,208;73;0;0;0,5;99;380;2;233;1,39;2,42;11,6;4;2;0,584;0,089;0,65;0;0
C003;Chorizo;gramos;1;39,8;454,2;13;44,2;14,5;18,5;5,7;68;1,1;0;1,9;770;150;18;108;0,9;1,6;2,7;4;0;0,107;0,162;0,99;0;0
C004;Jamón cocido;gramos;1;60,4;210,8;20,3;14,4;4,803;6,4;1,482;57;0;0;4,9;1900;107;15;143;7,45;1,97;5,05;4;0;0,887;0,215;0,84;0;0
C005;Jamón crudo;gramos;1;28,9;473,4;18;44,6;14,5;18,5;5,7;68;0;0;8,5;2940;219;11;152;4,02;2,2;3,72;5,5;0;0,147;0,223;1,36;0;0
C006;Panceta;gramos;1;14,3;674;8,3;70,8;21,3;26,3;6,8;67;0,9;0;6,6;1780;17;37;38;1,27;1,2;2,8;2;0;0,4;0,1;2,76;0;0
C007;Chinchulines;gramos;1,12;84,16;81,49;12,07;3,69;1,291;1,533;0,18;122;0;0;0,55;97;67;69;64;0,6;1,42;0,88;5;0;0;0,064;1,39;0;0
C008;Conejo;gramos;1,66;72,82;130,15;20,05;5,55;1,66;1,5;1,08;57;0;0;0,72;41;330;13;213;1,57;1,57;7,27;8;0;0,1;0,15;7,16;0;0
C009;Cordero promedio;gramos;1,2;77;99,1;18,7;2,7;1,14;1,28;0,29;67;0;0;2,2;97;361;13;170;1,7;5,8;10,6;21,3;0;0,1;0,111;2,38;0;0
C010;Hamburguesas industrializadas de pollo;gramos;1;67,88;181,32;19,5;10,68;2,98;4,33;2,275;74;1,8;0;0,93;71;209;10,5;161;0,88;1,28;7,67;7;31;0,065;0,124;0,33;0;0
C011;Hamburguesas industrializadas de carne vacuna;gramos;1;65,72;209,36;18,59;15;5,866;6,555;0,377;68;0;0;0,91;66;295;15;171;2,09;4,48;4,65;6;0;0,042;0,152;2,17;0;0
C012;Hígado;gramos;1,07;69,7;131,6;19,7;3,2;1,245;0,483;0,469;278;6;0;1,4;86;320;4;376;9,95;4,04;12,7;295;5047;0,187;2,3;59,9;0;0
C013;Lengua;gramos;1,02;64,53;219,13;14,9;16,09;7;7,24;0,9;87;3,68;0;0,8;69;315;6;133;2,95;2,87;4,24;7;0;0,12;0,34;3,79;0;0
C014;Mollejas;gramos;1,07;67,8;231,87;12,18;20,35;7,01;7,05;3,8;223;0;0;1,38;96;360;7;393;2,1;2,06;3,45;2;0;0,109;0,345;2,13;0;0
C015;Mondongo;gramos;1,17;84,16;81,49;12,07;3,69;1,291;1,533;0,18;122;0;0;0,55;97;67;69;64;0,59;1,42;0,88;5;0;0;0,01;1,39;0;0
C016;Morcilla;gramos;1,05;47,3;374,06;14,6;34,5;13,4;15,9;3,46;120;1,29;0;2,31;680;38;6;22;6,4;1,3;1,2;5;0;0,07;0,13;1;0;0
C017;Mortadela;gramos;1;62,7;234,2;12,7;19;8,005;9,152;0,723;37;3,1;0;0;1128;147;9;178;1;1,83;2,5;5;0;0,05;0,1;1,4;0;0
C018;Pate / picadillo;gramos;1;53,9;314,8;14,2;28;9,57;12,36;3,16;255;1,5;0;2,2;697;138;70;200;5,5;2,85;3,3;60;991;0,03;1;3,2;0;0
C019;Pato;gramos;1,64;73,77;126,67;18,28;5,95;2,32;1,54;0,75;77;0;0;1,06;74;271;11;203;2,4;1,9;5,3;25;24;0,36;0,45;0,4;0;0
C020;Pavo;gramos;1,64;74,16;112,82;21,77;2,86;0,95;0,61;0,83;65;0;0;0,97;70;296;14;195;1,45;2,37;4,54;9;0;0,07;0,17;0,43;0;0
C021;Pollo con piel;gramos;1,64;69,68;174,12;19,5;10,68;2,98;4,33;2,275;74;0;0;0,93;71;209;10,5;161;0,88;1,28;7,67;7;31;0,065;0;0,33;0;0
C022;Pollo menudos;gramos;1,64;74,87;118,95;17,88;4,47;1,36;1,12;1,09;262;1,8;0;0,99;77;228;10;197;5,86;3,32;6,66;345;2657;0,088;1;11,41;0;0
C023;Pollo sin piel / Vizcacha / Jacare / Garza / Perdiz / Charata(ave) / Lampalagua (serpiente);gramos;1,64;75,44;109,12;21,61;2,52;0,65;0,74;0,61;69;0;0;0,98;75;242;11;181;0,87;1,43;8,63;7;12;0,75;0;0,37;0;0
C024;Queso de Cerdo;gramos;1;22,19;652,01;6,38;69,61;25,26;32,89;8,11;90;0;0;0,32;25;148;4;86;0,4;0,84;4,54;1;3;0,39;0;0,82;0;0
C025;Riñón;gramos;1,07;77,89;98,61;17,4;3,09;0,868;0,586;0,545;411;0,3;0;1,33;182;262;13;257;4,6;1,92;8,03;98;419;0,357;2,84;27,5;0;0
C026;Salame;gramos;1;34,7;411,35;22,86;34,39;12,2;17,1;3,21;79;2,6;0;5,47;1860;378;8;142;1,51;3,23;4,87;2;0;0,6;0,285;1,9;0;0
C027;Salchicha de viena;gramos;1;55,96;301,68;11,53;27,64;10,77;13,67;2,73;50;1,7;0;3,15;1120;167;11;86;1,15;1,84;2,63;4;18;0,199;0,12;1,3;0;0
C028;Salchicha parrillera;gramos;1;39,8;454,2;13;44,2;14,5;18,5;5,7;68;1,1;0;1,9;770;150;18;108;0,9;1,6;2,7;4;0;0,107;0,162;0,99;0;0
C029;Sesos;gramos;1,07;76,29;140,54;10,86;10,3;2,919;2,399;0,458;3010;1,1;0;1,51;126;274;43;362;2,55;1,02;3,55;3;7;0,092;0,199;9,51;0;0
C030;Ubre;gramos;1;65,2;230,2;15,7;18,6;6,41;6,44;3,47;205;0;0;1,3;67;276;9;327;2,22;2,58;4,45;3;0;0,14;0,445;14;0;0
C031;Vacuno, cortes sin hueso: asado vacio carne picada comun aguja falda alita duro matambre Guazuncho;gramos;1,17;65,7;209,4;18,6;15;5,866;6,555;0,377;68;0;0;0,91;66;295;15;180;2,24;4;5,07;6;0;0,042;0,156;2,17;0;0
C032;Vacuno, cortes con hueso: asado vacio carne picada comun aguja falda alita duro matambre Guazuncho;gramos;2,15;65,7;209,4;18,6;15;5,866;6,555;0,377;68;0;0;0,91;66;295;15;180;2,24;4;5,07;6;0;0,042;0,156;2,17;0;0
C033;Vacuno, cortes sin hueso: bola de lomo nalga peceto paleta cuadrada cuadril;gramos;1,17;73,28;130,64;21,41;5;2,219;2,136;0,221;62;0;0;1,05;66;346;9;198;2,38;5,09;5,49;3;0;0,041;0,161;2,24;0;0
C034;Vacuno, cortes con hueso: bola de lomo nalga peceto paleta cuadrada cuadril;gramos;2,15;73,28;130,64;21,41;5;2,219;2,136;0,221;62;0;0;1,05;66;346;9;198;2,38;5,09;5,49;3;0;0,041;0,161;2,24;0;0
C035;Vacuno, cortes sin hueso: lomo carne picada especial roast beef palomita bife angosto tortuguita Ñandu;gramos;1,17;69,5;170;20;10;4,058;4,353;0,344;65;0;0;0,98;66;321;12;184;2,09;5;4,65;5;0;0,042;0,152;2,21;0;0
C036;Vacuno, cortes con hueso: lomo carne picada especial roast beef palomita bife angosto tortuguita Ñandu;gramos;2,15;69,5;170;20;10;4,058;4,353;0,344;65;0;0;0,98;66;321;12;184;2,09;5;4,65;5;0;0,042;0,152;2,21;0;0
C037;Charqui de vaca;gramos;1;18,19;306,86;62,79;4,7;2,219;2,136;0,221;43;3,35;0;10,97;3830;934;109;931;11;11;6,1;144,99;478;0,22;0,78;0,1;0;0
C038;Charqui de cordero o chalona;gramos;1;16,65;397,14;61,02;16,9;5,29;5,92;1,34;111;0,24;0;5,19;1306;1064,1;137;743;12;13;23,84;98,78;0;0,449;0;11;0;0
D001;Alfajor de chocolate / Rhodesia;gramos;1;4;438,3;7,85;14,1;3,44;8,46;2,19;11;70;0,7;2,64;173;232;157;177;2,17;1,51;16,9;21,6;16;1,607;3,694;5;0;0
D002;Alfajor de dulce de leche / alfajor de Maicena;gramos;1;4,2;408,2;6,95;8;1,95;4,8;1,24;10;77,1;0,2;3,35;157;151;128;141;1,9;1,38;16;16;11;1,457;3,504;4,5;0;0
D003;Azúcar blanca molida;gramos;1;0,03;399,92;0;0;0;0;0;0;99,98;0;0;0;2;1;0;0,01;0;0;0;0;0;0,019;0;0;0
D004;Azúcar morena;gramos;1;1,77;388;0;0;0;0;0;0;97;0;0,9;39;346;85;22;1,91;0,18;0,08;1;0;0,008;0,007;0;0;0
D005;Dulce de batata;gramos;1;31,7;264,5;0,9;0,1;0;0;0;0;65;0;2,3;19;231;24;35;0,65;0;0;0;0;0;0;0;0;0
D006;Dulce de membrillo;gramos;1;19,4;310;0,4;0;0;0;0;0;77,1;0,8;2,3;67;207;21;19;6;0;0;0;0;0;0;0;0;0
D007;Jalea de membrillo;gramos;1;37;230;0,1;0,4;0;0;0;0;56,5;2,1;3,9;35;109;7;10;0,1;0;0;0;0;0;0;0;0;0
D008;Dulce de leche;gramos;1;24,3;340,6;8,1;9;4;1,8;0,2;30;56,8;0;1,8;122;393;322;257;0,27;0,9;0;0;14;0,022;0,973;0;0;0
D009;Flan en polvo;gramos;1;0,9;392,1;11,2;0,1;0;0;0;0;86,6;0;1,2;200;203;68;59;0,1;0;0,14;0;0;0,02;0,34;0;0;0
D010;Mermelada de frutas;gramos;1;20;313,82;3,5;0,1;0;0;0;0;74,73;1,67;0,34;49;117;30;29;0,74;0,09;0,2;17;1,52;0,006;0,01;0;0;0
D011;Miel / Arrope / Kero;gramos;1;17,1;330;0,3;0;0;0;0;0;82,2;0,2;0,2;4;52;6;4;0,42;0,22;0,12;2;0;0;0,038;0;0,5;0
D012;Caramelo relleno;gramos;1;1,3;393,8;0;0,2;0;0;0;0;98;0;0,5;38;5;3;3;0,3;0,01;0,01;0;0;0,004;0,003;0;0;0
D013;Caramelos masticables;gramos;1;6,3;373,85;0;0,05;0;0;0;0;93,35;0,2;0,1;50;37;3;4;0,13;0,05;0,01;0;0;0,004;0,011;0;0;0
D014;Caramelos duros;gramos;1;1,3;393,8;0;0,2;0;0;0;0;98;0;0,5;38;5;3;3;0,3;0,01;0,01;0;0;0,004;0,003;0;0;0
D015;Caramelos duros dietéticos;gramos;1;1,4;373,6;0;0;0;0;0;0;93,4;0;0;0;0;0;0;0;0;0;0;0;0;0;0;0;0
D016;Chocolate para taza / mantecol;gramos;1;0,9;525,4;5,54;32,4;26,82;5,14;0,44;5;52,91;6,5;0,67;6;502;30;51;2,13;0,01;0;0;17,5;0;0,01;0,16;0;0
D017;Chocolatín;gramos;1;0,5;541,02;5,4;31,5;12,71;7,38;3,92;9;58,98;3,42;0,2;93;487;175;215;1,67;0,83;5,4;34;31;0,902;1,163;0,29;0;0
D018;Cacao en polvo;gramos;1;1,5;383,6;5,88;4;2,408;1,326;0,119;6;81,02;3,5;4,1;504;712;141;315;1,19;1,46;0,59;0;1;0,096;0,565;1,32;0;0
D019;Helado de agua;gramos;1;70;114,2;0;0;0;0;0;0;28,55;0,95;0,25;0;0;0;0;0;0;0;0;0;0;0;0;0;0
D020;Helado de crema;gramos;1;61;204,6;3,5;11;6,79;2,97;0,451;44;22,9;0,7;0,9;80;199;128;105;0,09;0,69;0,12;5;118;0,041;0,24;0,39;0;0
D021;Gelatina preparada;gramos;1;84,39;61,64;1,22;0;0;0;0;0;14,19;0;0,2;75;1;3;22;0,02;0,01;0;1;0;0;0,006;0;0;0
D022;Gelatina dietética preparada;gramos;1;94,74;20,2;0,83;0;0;0;0;0;4,22;0;0,21;48;1;3;68;0,01;0;0;0;0;0;0;0;0;0
E001;Salsa p/ estofado fortificada (tipo TeknoFood);gramos;1;30,9;290,9;10,7;8,1;1,98;4,86;1,25;0;43,8;5,4;1,1;9308;13,5;18,8;19;61,95;30,48;0,27;992;0;0,05;0,03;0;0;0
E002;Salsa  p/tuco fortificada (tipo TeknoFood);gramos;1;16,9;360,6;4,6;8,4;2,05;5,04;1,3;0;66,65;2,35;1,1;3200;0;6,3;19;75,33;37,5;0;1200;0;0;0;0;0;0
E003;Salsa blanca fortificada (tipo TeknoFood);gramos;1;17,4;374,3;13;9,9;2,42;5,94;1,53;0;58,3;0,3;1,1;1314,43;382;374;19;1,32;27,27;0,63;928;81,6;0,31;0,65;0,94;0;0
E004;Puré de papas fortificado (tipo TeknoFood);gramos;1;10,2;370,2;10,8;5;0,78;1,93;0,49;10;70,5;1,2;1,1;1471;235;179;290;0,86;10,5;0,11;324;51;0,06;0,38;0,59;0;0
E005;Mezcla p/locro fortificado (tipo TeknoFood);gramos;1;27,2;304,8;5,5;5,2;2,59;2,17;0,208;6;59;2;1,1;6000;3,1;9,8;115,6;25,5;12,5;0,01;400;0;0;0;0;0;0
E006;Mezcla p/panqueques fortificada (tipo TeknoFood);gramos;1;17,8;363,3;13,9;8,1;1,98;4,86;1,25;0;58,7;0,4;1,1;663,14;209,1;176,1;132;13,84;8,04;1,07;170;45;0,52;0,43;0,52;0;0
E007;Relleno de espinacas para panqueques (tipo TeknoFood);gramos;1;14,4;375,4;11,4;8,2;2;4,92;1,27;0;64;0,9;1,1;1871;236,4;275,2;290;1,63;0,61;0,11;7;50,6;0,06;0,38;0,59;0;0
E008;Relleno de verduras p/tarta (tipo TeknoFood);gramos;1;10,8;379,3;9,6;7,3;1,78;4,38;1,13;0;68,8;2,4;1,1;74,3;66,7;118,4;290;1,34;0,17;0,07;12;0;0,04;0,01;0;0;0
E009;Mezcla p/ preparar tarta fortificada (tipo TeknoFood);gramos;1;20,8;314;8,3;0,8;0,19;0,48;0,12;0;68,4;0,6;1,1;1951;504;14,1;132;10,15;5;1,22;207;0;0,59;0,12;0;0;0
E010;Mezcla p/preparar ñoquis fortificados (tipo TeknoFood);gramos;1;6,8;402,7;9,2;7,9;0,2;0,1;0,4;0;73,7;0,8;1,6;664;78;103;132;11,67;5,21;0,62;162;16,9;0,009;0,14;0,2;0;0
E011;Mezcla p/preparar pizza fortificada (tipo TeknoFood);gramos;1;21,8;310,5;8,4;0,9;0,19;0,48;0,12;0;67,2;0,6;1,1;1951;504;14,3;132;10,2;5;1,24;210;0;0,6;0,12;0;0;0
E012;Lentejas manchegas fortificadas (tipo TeknoFood);gramos;1;17,4;327,9;14,6;3,1;0,75;1,86;0,48;0;60,4;3,4;1,1;1603;945;125,2;531,1;6;7,24;2,66;351;0;0,57;0,11;0;0;0
E013;Arroz primavera fortificado (tipo TeknoFood);gramos;1;14,4;344,3;7,9;2,7;1,28;1,45;1,11;0;72,1;1,7;1,2;1404;90;28,5;104,3;13,82;5,85;3,51;166;9,6;0,51;0,06;0;0;0
E014;Arroz a la yaya fortificado (tipo TeknoFood);gramos;1;16,1;338;7,1;2,8;1,5;1,7;1,3;3;71,1;1,7;1,2;1404;87;25,8;168;13,48;5,83;3,17;166;0;0,44;0,04;0;0;0
E015;Carbonada criolla fortificada (tipo TeknoFood);gramos;1;14,6;342,8;13,9;4;0,97;2,4;0,62;0;62,8;3,6;1,1;1700;1,3;2,9;115,6;0,17;5;0,01;160;0;0;0;0;0;0
E016;Polenta portuguesa fortificada (tipo TeknoFood);gramos;1;0,6;418,3;9,8;5,5;0,8;1;1,5;2;82,4;0,6;1,1;1523;33;149;240;13,65;5,34;2,23;169;7;0,29;0,1;0,08;0;0
E017;Relleno sabor choclo p/tarta (tipo TeknoFood);gramos;1;8,2;397,6;9,1;7,6;1,85;4,56;1,18;0;73,2;0,8;1,1;631,95;104,6;174,3;115,6;1,64;0,27;0,96;3;22,5;0,14;0,19;0,26;0;0
E018;Polvo p/ preparar postre frutilla fortificado (tipo TeknoFood);gramos;1;6,2;412,8;9,4;8,4;0,71;0,33;0,028;4;74,9;0;1,1;129;428;599;59;0,15;1,1;0,2;12;572;0,1;0,69;1,06;0;0
E019;Polvo p/preparar postre chocolate fortificado (tipo TeknoFood);gramos;1;6,2;412,8;9,4;8,4;0,71;0,33;0,028;4;74,9;0;1,1;129;428;599;59;0,15;1,1;0,2;12;572;0,1;0,69;1,06;0;0
E020;Polvo p/ preparar postre vainilla fortificado (tipo TeknoFood);gramos;1;6,2;412,8;9,4;8,4;0,71;0,33;0,028;4;74,9;0;1,1;129;428;599;59;0,15;1,1;0,2;12;572;0,1;0,69;1,06;0;0
E021;Polvo p/ preparar postre durazno fortificado (tipo TeknoFood);gramos;1;6,2;412,8;9,4;8,4;0,71;0,33;0,028;4;74,9;0;1,1;129;428;599;59;0,15;1,1;0,2;12;572;0,1;0,69;1,06;0;0
E022;Arroz a la  Española Fortificado (tipo TeknoFood);gramos;1;24,5;271,3;11,2;4,1;1,5;1,7;1,3;3;47,4;11,6;1,2;1558;254;480;168;8,4;14;12;133;535;0,9;1,1;0,7;0;0
E023;Arroz a la Portuguesa (tipo TeknoFood);gramos;1;15;344,3;6,4;3,5;0,85;2,1;0,54;0;71,8;2,1;1,2;1515;208;267;104,3;4,8;6,51;12;133;533,3;0,9;1,1;0,7;0;0
E024;Cazuela de Arvejas Fortificada (tipo TeknoFood);gramos;1;40,8;165,3;18,5;7,3;1;2,6;2,4;0;6,4;25,9;1,1;1951;530;317;155;5,6;8;12;133;535;0,9;1,1;0,7;0;0
E025;Cereal Infantil Fortificado (tipo TeknoFood);gramos;1;8,5;375,8;11;3,8;1,39;1,57;1,2;2;74,4;1,2;1,1;233;90;7;50;15;3;6;20;0;0,15;1,53;0;80;0
E026;Fideos con Salsa (tipo TeknoFood);gramos;1;11;353,7;12,3;2,5;0,91;1,03;0,79;4;70,5;3;0,7;1951;530;33,9;153,1;1,3;1,2;1,9;23,1;89,8;0,1;0,1;0;0;0
E027;Guiso Campero (tipo TeknoFood);gramos;1;13,8;345,6;13,5;4,4;1,07;2,64;0,68;0;63;4,2;1,1;1951;530;72,4;214,4;2,1;1,3;2,2;52;275;0,2;0,1;0;0;0
E028;Guiso tipo Criollo (tipo TeknoFood);gramos;1;14,2;344,5;12,3;4,1;1;2,46;0,63;0;64,6;3,7;1,1;1951;530;67;201;2;1,3;2,1;48,9;220,8;0,2;0,1;0;0;0
E029;Guiso de Lentejas (tipo TeknoFood);gramos;1;18,9;330,4;19,8;6;1,46;3,6;0,03;0;49,3;4,8;1,2;1951;530;177,6;531,1;6,7;2,73;2,5;308,6;212;0,2;0,2;0;0;0
E030;Locro Norteño (tipo TeknoFood);gramos;1;24,76;325,39;7,23;8,47;2,07;5,08;1,31;0;55,06;3,38;1,1;1951;530;69,2;115,6;2,22;0,77;1,02;54,12;382,9;0,31;0,14;0;0;0
E031;Minestrone con Queso Fortificado (tipo TeknoFood);gramos;1;23,7;317,7;14,8;10,5;8,4;3,1;0,7;26;41;8,9;1,1;1980;525;480;227;5,6;12;18;200;800;1,4;1,6;1;0;0
E032;Minestrone sabor Panceta Fortificado (tipo TeknoFood);gramos;1;23,7;317,7;14,8;10,5;8,3;3,1;0,7;26;41;8,9;1,1;1963;504;480;217;5,6;12;18;200;800;1,4;1,6;1;0;0
E033;Ñoquis con Salsa (tipo TeknoFood);gramos;1;12,4;349,2;10,4;2;0,73;0,82;0,63;4;72,4;1,2;1,6;1951;504;34;153;1,5;1,2;1,9;23;90;0,183;0,124;0;0;0
E034;Polenta tipo Argentino Fortificado (tipo TeknoFood);gramos;1;18,3;306,5;6,9;0,9;0,8;1;1,5;2;67,7;5,1;1,1;1590;294;272;240;2,6;7,5;15;167;667;1,2;1,3;0,8;0;0
E035;Postre Infantil Fortificado (tipo TeknoFood);gramos;1;4,3;384,24;14,4;1,2;0,71;0,33;0,028;4;78,96;0,04;1,1;233;41;68;59;6;4;8;0;240;0,5;0,6;0;0;0
E036;Sopas Fortificadas (tipo TeknoFood);gramos;1;21,9;368;14;12;1,79;5,15;4,5;3;51;0;1,1;1951;504;358;54;8,9;5,9;10,1;495,51;403;1,04;1,04;1,34;0;0
E037;Puré de papas instantáneo (tipo TeknoFood);gramos;1;7,76;355,81;9,78;3,21;0,78;1,91;0,9;0;71,95;6,2;1,1;1951;504;128;290;1,03;1,13;4,2;38,4;28,87;0,42;0,34;0;0;0
E038;Pastel de papas fortificado (tipo TeknoFood);gramos;1;16,1;367,6;21,4;12;2,93;7,2;1,86;6;43,5;5,9;1,1;1027,3;912,6;348;423,8;5,8;6;12,8;139,4;510,8;1;1,1;0,6;0;0
E039;Arroz con leche fortificado (tipo TeknoFood);gramos;1;7;418,7;12;10,3;6,13;2,89;0,24;37;69,5;0;1,2;141,8;531;500;326,5;9;12,2;22,5;250;1000;1,7;2,1;1,3;0;0
E040;Galletitas fortificadas (tipo TeknoFood);gramos;1;3,9;451,34;7,6;14,5;4,063;8,103;1,218;0;72,61;0,4;1;323;99;0;111;1,7;0;21,52;165;12;1,4;1,9;9;0;0
E041;Budín mixto (tipo TeknoFood);gramos;1;22,8;377,96;8,9;16;7,16;4,8;0,38;268;49,59;1,81;0,85;47,87;96,3;13,17;78,6;2,17;0,67;0,6;10,23;104;0,077;0,049;0,05;0;0
E042;Budín clásico (tipo TeknoFood);gramos;1;22,8;377,96;8,9;16;7,16;4,8;0,38;268;49,59;1,81;0,85;47,87;96,3;13,17;78,6;2,17;0,67;0,6;10,23;104;0,077;0,049;0,05;0;0
E043;Saborizante de vainilla (tipo TeknoFood);gramos;1;0,03;399,92;0;0;0;0;0;0;99,98;0;1,1;233;41;1;0;0,01;0;0;0;0;0;0,019;0;0;0
E044;Saborizante de chocolate (tipo TeknoFood);gramos;1;0,03;399,92;0;0;0;0;0;0;99,98;0;1,1;233;41;1;0;0,01;0;0;0;0;0;0,019;0;0;0
E045;Milanesa de soja (tipo TeknoFood);gramos;1;11,41;401,2;29,48;14,92;1,65;4,2;9,15;0;37,25;2,92;1,1;1951;504;187,12;507,8;5,35;2,44;3;164,57;0;0,33;0,15;0;0;0
E046;Minestrone sabor Jamón Fortificado (tipo TeknoFood);gramos;1;23,7;317,7;14,8;10,5;8,2;3;0,7;26;41;8,9;1,1;1963;504;480;213;5,6;12;18;200;800;1,4;1,6;1;0;0
E047;Cereales Fortificados (tipo TeknoFood);gramos;1;3;365,2;7;0,8;0,19;0,11;0,32;0;82,5;3,5;3,2;725;90;0;0;6;6,25;7,5;83,3;537;0,6;0,7;5,4;0;0
F001;Aceituna verde pulpa encurtida;gramos;1,55;75,2;130,3;1,5;13,5;2,029;11,314;1,307;0;0,7;3,3;5,8;2250;91;61;17;1,03;0,04;2,6;3;20;0,025;0,137;0;1,6;0
F002;Almendra / semilla de girasol;gramos;1;5,25;572,56;21,26;50,64;3,881;32,155;12,214;0;7,94;11,8;3,11;1;728;248;474;4,3;3,36;3,93;29;0;0,241;0,811;0;0;0
F003;Ananá pulpa fresco;gramos;1,61;85,3;52,6;0,4;0,2;0,009;0,014;0,042;0;12,3;1,4;0,4;2;247;12;8;0,42;0,1;1;15,15;3;0,066;0,078;0;40,3;0
F004;Ananá enlatado;gramos;1;78;83,66;0,4;0,1;0,009;0,013;0,04;0;20,29;0,81;0,4;1;57;13;5;1,7;0,12;0,6;5;1;0,08;0,081;0;0;0
F005;Avellana;gramos;1;5,31;634,55;14,95;60,75;4,464;45,652;7,92;0;7;9,7;2,29;0;680;114;290;4,7;2,45;1,8;113;1;0,643;0,113;0;6,3;0
F006;Banana;gramos;1,48;74,8;88,2;1,2;0,2;0,112;0,032;0,073;0;20,4;2,6;0,8;1;348;7;28;0,41;0,15;1,2;20;3;0,061;0,087;0;6,1;0
F007;Cereza fresca (pulpa y piel);gramos;1;91,41;30,66;0,4;0,3;0,068;0,082;0,09;0;6,59;1,1;0,2;7;146;12;11;0,2;0,1;0,4;14;38;0,02;0,06;0;1677,6;0
F008;Ciruela pulpa fresca;gramos;1,17;85,7;50,6;0,7;0,2;0,017;0,134;0,044;0;11,5;1,4;0,5;2;261;24;16;0,41;0,1;0,8;5;17,3;0,026;0,059;0;4,2;0
F009;Ciruela pasa cruda;gramos;1,23;32,9;228,5;1,9;0,1;0,083;0,05;0,058;0;55;6,6;3,5;21;846;46;92;1,81;0,4;2,7;3,72;36,27;0,172;0,569;0;0;0
F010;Damasco;gramos;1,15;85,4;48,5;1;0,1;0,027;0,171;0,077;0;10,9;2;0,6;1;320;17;21;0,37;0,2;1,2;9;97;0,015;0,066;0;3,1;0
F011;Durazno fresco;gramos;1,25;86,9;44,78;0,5;0,1;0,019;0,068;0,087;0;10,47;1,5;0,5;3;259;5;19;0,38;0,17;0,8;4;16,3;0,02;0,04;0;6,3;0
F012;Durazno pulpa envasado al natural;gramos;1;80,9;69,7;0,4;0,1;0,004;0,012;0,017;0;16,8;1,4;0,4;1;151;4;10;1,93;0,11;1;3,24;20,5;0,021;0,045;0;0;0
F013;Durazno envasado diet;gramos;1;88,2;42,9;0,4;0,1;0,011;0,036;0,048;0;10,1;1;0,24;5;74;5;11;0,3;0,09;0,8;3;14;0,02;0,02;0;0;0
F014;Durazno orejón crudo con carozo;gramos;1,23;31,8;233,8;3,61;0,76;0,082;0,278;0,367;0;53,13;8,2;2,5;7;996;28;119;4,06;0,57;4,38;0;108;0,002;0,212;0;0;0
F015;Frutilla cruda / pitanga / mora;gramos;1,04;90;34,48;0,8;0,6;0,036;0,06;0,244;0;6,47;1,63;0,5;2;161;22;23;0,71;0,27;0,4;65;2,7;0,041;0,051;0;88,7;0
F016;Granada;gramos;1,78;81;72,6;0,6;0,2;0,038;0,046;0,063;0;17,1;0,6;0,5;85;63;11;105;0,78;0,12;0;6;5;0,01;0,03;0;6,1;0
F017;Guayaba;gramos;1,22;86,1;34,6;0,82;0,6;0,172;0,055;0,253;0;6,48;5,4;0,6;3;284;20;25;0,31;0,23;1,2;14;31;0,05;0,05;0;183,5;0
F018;Higo pulpa fresco;gramos;1,03;78;75,84;1,4;0,4;0,06;0,066;0,145;0;16,66;2,9;0,6;2;268;34;32;0,42;0,15;0,7;6;7;0,01;0,045;0;0,6;0
F019;Kaki pulpa fresco;gramos;1,2;78,2;72,04;0,8;0,4;0,02;0,037;0,043;0;16,31;3,7;0,6;1;165;8,2;17,4;0,15;0,11;0,1;8,21;83,1;0,016;0,001;0;13,1;0
F020;Kinoto pulpa y cáscara;gramos;1,05;81,3;46,9;0,9;0,1;0,101;0,152;0,169;0;10,6;6,5;0,6;10;186;61;19;0,86;0,17;0,43;17;15;0,083;0,096;0;57,6;0
F021;Kiwi / tuna;gramos;1,2;83,07;55,88;1,14;0,52;0,029;0,047;0,287;0;11,66;3;0,61;3;312;34;34;0,31;0,14;0,34;25;4;0,027;0,025;0;92,7;0
F022;Limón pulpa fresco;gramos;1,56;89,3;32,6;0,9;0,6;0,039;0,011;0,089;0;5,9;2,8;0,5;6;163;107;21;0,35;0,06;0,1;11;1;0,091;0,012;0;62,6;0
F023;Mamón;gramos;1,35;88,8;35,74;0,61;0,14;0,043;0,038;0,031;0;8,01;1,8;0,61;3;257;24;5;0,1;0,07;0,3;38;55;0,027;0,032;0;61,8;0
F024;Mandarina;gramos;1,43;87,6;39,79;0,63;0,19;0,022;0,034;0,037;0;8,89;2,3;0,39;1;157;14;10;0,1;0,24;0,16;20;34;0,105;0,022;0;30,8;0
F025;Mango;gramos;1,51;81,71;65,27;0,51;0,27;0,066;0,101;0,051;0;15,2;1,8;0,5;2;156;10;11;0,13;0,04;0,58;14;38;0,058;0,057;0;27,7;0
F026;Maní tostado salado;gramos;1;1,55;595,7;23,68;49,66;6,89;24,64;15,694;0;13,51;8;3,6;813;658;54;358;2,26;3,31;13,53;145;0;0,438;0,09;0;0;0
F027;Manzana con piel;gramos;1,2;85,56;48,21;0,26;0,17;0,028;0,007;0,051;0;11,41;2,4;0,19;1;107;6;11;0,12;0,04;0,09;3;3;0,017;0,026;0;4,6;0
F028;Manzana sin piel;gramos;1,2;84,1;59,08;0,3;0,4;0,021;0,005;0,038;0;13,57;1,3;0,3;5;122;4;9;0,5;0,05;0,2;0;2;0,041;0,047;0;2,8;0
F029;Melón pulpa fresco;gramos;1,51;92,7;24,2;0,6;0,2;0,024;0,001;0,038;0;5;0,9;0,6;17;275;17;18;0,52;0,07;0,3;8;0;0,042;0,031;0;14,8;0
F030;Membrillo pulpa fresco crudo;gramos;1,2;85,3;50,1;0,3;0,1;0,009;0,035;0,049;0;12;1,9;0,4;3;203;14;19;0,32;0,04;0,9;3;2;0,032;0,054;0;3,4;0
F031;Naranja;gramos;1,54;87,14;41,25;0,7;0,21;0,025;0,039;0,042;0;9,14;2,4;0,41;0;169;43;12;0,09;0,08;0,4;17;11;0,1;0,04;0;45;0
F032;Nispero / guabirva;gramos;1,19;86,73;45,28;0,43;0,2;0,04;0,008;0,091;0;10,44;1,7;0,5;1;266;16;27;0,28;0,05;0,18;14;76;0,019;0,024;0;1;0
F033;Nuez;gramos;2,5;4,07;675,85;15,23;65,21;6,12;8,93;47,17;0;7,01;6,7;1,78;2;441;98;346;2,91;3,09;1,13;98;1;0,341;0,15;0;1,3;0
F034;Palta;gramos;1,35;65,4;249,6;1,7;26,4;3,826;17,638;3,268;0;1,3;2;3,2;16;396;15;31;0,53;0,7;0,4;64;7;0,043;0,137;0;58;0
F035;Pasas de uva;gramos;1;15,43;318,34;3,07;0,46;0,058;0,051;0,037;0;75,48;3,7;1,85;11;749;50;101;1,88;0,22;0,77;5;0;0,106;0,125;0;0;0
F036;Pera;gramos;1,2;82,7;57,2;0,7;0,4;0,007;0,027;0,03;0;12,7;3,1;0,4;2;129;8;10;0,19;0,1;0,2;7;1;0,057;0,074;0;3;0
F037;Pera al natural en lata;gramos;1;80,35;72,25;0,2;0,13;0,007;0,027;0,03;0;17,57;1,6;0,15;5;65;5;7;0,22;0,08;0,24;1;0;0,01;0,022;0;0;0
F038;Pera al natural en lata diet;gramos;1;87,3;44,5;0,3;0,1;0,006;0,021;0,023;0;10,6;1,6;0,1;2;45;7;7;0,2;0,07;0,4;1;0;0,01;0,02;0;0;0
F039;Pera orejón crudo;gramos;1,23;24;266;2,3;0,4;0,038;0,146;0,164;0;63,3;8,3;1,7;6,6;592;37,8;65,6;2,33;0,43;1,3;0;0;0,061;0,106;0;0;0
F040;Pistachos;gramos;1;3,97;553,08;20,61;44,44;5,44;23,319;13,455;0;17,67;10,3;3,02;1;1025;107;490;4,15;2,2;1,3;51;28;0,87;0,16;0;5;0
F041;Pomelo;gramos;1,55;92,9;21,32;0,5;0;0,013;0,12;0,023;0;4,83;1,07;0,7;37;147;13;10;0,21;0,06;0;10;2;0,104;0,078;0;47,8;0
F042;Sandía;gramos;2,12;92,1;29,8;0,5;0,2;0,015;0,036;0,049;0;6,5;0,4;0,3;8;73;11;3;0,23;0,1;0,18;3;28;0,015;0,022;0;9,1;0
F043;Uva fresca;gramos;1,28;80,54;73,12;0,72;0,16;0,054;0,007;0,048;0;17,2;0,9;0,48;2;191;10;20;0,36;0,07;0,19;2;3;0,069;0,07;0;10,8;0
F044;Acerola;gramos;1;91,41;30,66;0,4;0,3;0,068;0,082;0,09;0;6,59;1,1;0,2;7;146;12;11;0,2;0,1;0,4;14;38;0,02;0,06;0;1677,6;0
F045;Cayota o Alcayota;gramos;1;94,85;13,25;0,82;0,13;0,028;0,01;0,057;0;2,2;1,7;0,3;2;125;17;18;0,34;0,74;0,47;93;0;0,025;0,029;0;0;0
F046;Coco fresco;gramos;1;46,9;345,9;3,4;34,7;29,698;1,425;0,366;0;5;9;1;17;436;13;94;2,08;1,1;0,1;26;0;0,173;0;0;3,3;0
G001;Aceite de girasol;gramos;1;0;900;0;100;10,9;23;61,7;0;0;0;0;0;0;0;0;0;0;0;0;0;0;0;0;0;0
G002;Aceite de maíz;gramos;1;0;900;0;100;15,2;31,8;48,7;0;0;0;0;0;0;0;0;0;0;0;0;0;0;0;0;0;0
G003;Aceite comestible mezcla;gramos;1;0;900;0;100;11;27,6;61,1;0;0;0;0;0;0;0;0;0;0;0;0;0;0;0;0;0;0
G004;Aceite de oliva;gramos;1;0;900;0;100;17;71,1;12,4;0;0;0;0;3;1;1;0;0,66;0;0;0;0;0;0;0;0;0
G005;Aceite de canola;gramos;1;0;900;0;100;6,1;55;33,9;0;0;0;0;0;0;0;0;0;0;0;0;0;0;0;0;0;0
G006;Aceite de uva;gramos;1;0;900;0;100;11;23,6;65,6;0;0;0;0;0;0;0;0;0;0;0;0;0;0;0;0;0;0
G007;Aceite de soja;gramos;1;0;900;0;100;14,4;23,3;57,9;0;0;0;0;0;0;0;0;0,02;0;0;0;0;0;0;0;0;0
G008;Grasa de cerdo;gramos;1;7,69;809,98;2,92;88,7;32,21;41,95;10,35;57;0;0;0,6;11;65;2;38;0,18;0,37;0,99;1;5;0,084;0,051;0,2;0;0
G009;Grasa vacuna;gramos;1;0,1;899,1;0;99,9;49,8;41,8;4;109;0;0;0;0;0;0;0;0;0;0;0;0;0;0;0;0;0
G010;Manteca;gramos;1;15,3;758;0,5;84;50,25;29,49;1,25;223;0;0;0,2;223;15;15;24;0,16;0,09;0,04;0,03;704;0,005;0,03;0,2;0;0
G011;Margarina 100% vegetal (en pote y en pan);gramos;1;16;747;0;83;20,3;49,8;12,9;0;0;0;1;925;41;29;22;0;0;0,02;1;804;0,01;0,036;0,1;0;0
G012;Margarina reducida en calorías untable;gramos;1;42;504;0;56;13,5;33;9,5;0;0;0;1,58;730;28;20;15;0;0;0,02;1;761;0,007;0,026;0,07;0;0
G013;Crema de leche;gramos;1;57,71;352,36;2,05;37;23,032;10,686;1,374;137;2,79;0;0,45;38;75;65;62;0,03;0,23;0,04;4;411;0,022;0,11;0,18;0;0
H001;Acelga;gramos;1,66;94;19,4;2,2;0,2;0,029;0,039;0,069;0;2,2;1,6;1;154;639;115;102;6,94;0,35;0,5;13,8;301;0,089;0,14;0;17,74;0
H002;Achicoria;gramos;1,25;94,2;15,5;1,6;0,3;0,071;0,006;0,127;0;1,6;1,3;1;7;182;18;21;0,69;0,4;0,48;107,36;279,13;0,058;0,097;0;49,3;0
H003;Ají rojo / morrón rojo;gramos;1,27;92,21;22,78;0,99;0,3;0,059;0,007;0,156;0;4,03;2;0,47;2;211;7;26;0,43;0,25;0,97;18;157;0,054;0,085;0;170,3;0
H004;Ají verde / morrón verde ó amarillo;gramos;1,27;93,09;16,73;0,86;0,17;0,035;0,005;0,062;0;2,94;1,7;0,43;3;175;10;20;0,34;0,13;0,48;11;18;0,057;0,028;0;73,46;0
H005;Alcaucil;gramos;2,08;83,7;41;2,9;0,4;0,035;0,005;0,063;0;6,45;5,45;1,1;94,94;377;40;94;1,89;0,49;0,8;68,68;0;0,05;0,067;0;10;0
H006;Apio;gramos;1,58;95,43;9,77;0,69;0,17;0,043;0,032;0,081;0;1,37;1,6;0,75;80;260;40;24;0,2;0,13;0,32;36;22;0,021;0,057;0;6,01;0
H007;Arveja fresca;gramos;2,29;71,2;83,36;8,9;0,44;0,071;0,035;0,189;0;10,95;5,65;3,3;38;395;21;129;1,63;1,37;1,2;71,95;42;0,21;0,158;0;15,47;0
H008;Arveja fresca enlatada;gramos;1;70,4;104,4;6;0,8;0,018;0,01;0,01;0;18,3;3,4;1,1;87,8;155;54,1;67;1,5;1,5;2,9;51;31,32;0,086;0,087;0,14;11,14;0
H009;Batata;gramos;1,42;78;71,81;1,1;0,05;0,018;0,001;0,014;0;16,74;3,06;1,1;6;417;34;64;0,25;0,3;1,1;14,28;74,54;0,103;0,14;0;13,14;0
H010;Berenjena;gramos;1,07;92,7;14,76;1,1;0,2;0,034;0,016;0,076;0;2,14;3,36;0,5;3;238;10;12;0,39;0,16;1,8;22;1;0,118;0,479;0;1,25;0
H011;Berro;gramos;1,96;93,6;20,7;1,7;0,3;0,027;0,008;0,035;0;2,8;0,5;1,1;60;314;222;52;1,62;0,11;0,6;9,09;237,35;0,118;0,207;0;111,3;0
H012;Brócoli;gramos;2;89,9;26,6;3,3;0,2;0,039;0,01;0,038;0;2,9;2,6;1,1;32,7;313,9;46,68;65,5;0,73;0,4;0,7;62,36;32,67;0,076;0,165;0;42;0
H013;Brotes de soja;gramos;1;69,05;146,54;13,09;6,7;0,929;1,518;3,783;0;8,47;1,1;1,59;14;484;67;164;2,1;1,17;1,15;172;1;0,34;0,118;0;15,3;0
H014;Cebolla;gramos;1,17;94,7;12,63;0,8;0,07;0,024;0,021;0,055;0;2,2;1,3;1;26;100;26;20;0,58;0,14;0,3;17,67;0;0,06;0,07;0;4,82;0
H015;Coliflor;gramos;2,22;91,7;21;2,4;0,2;0,032;0,014;0,099;0;2,4;2,5;0,8;41;313;25;65;0,9;0,28;0,5;57;1;0,137;0,08;0;44,92;0
H016;Chaucha;gramos;1,11;91,6;15,88;2,4;0,12;0,025;0,04;0,05;0;1,3;1,9;2,8;23;247;60;100;2,8;0,23;0,7;36,26;34,3;0,048;0,28;0;9,7;0
H017;Choclo fresco;gramos;3,33;73,9;96,6;3,7;1,2;0,019;0,353;0,57;0;17,75;2,75;0,7;40;113;6;103;0,47;0,46;2;47;10,27;0,134;0,081;0;5,83;0
H018;Choclo enlatado en grano;gramos;1;76,58;83,9;2,41;0,5;0,077;0,147;0,237;0;17,44;2;1,07;2,72;186;5;64;0,42;0,46;1,17;49;0;0,041;0,073;0;8,5;0
H019;Choco enlatado cremoso;gramos;1;78,73;78,46;1,74;0,42;0,065;0,123;0,198;0;16,93;1,2;0,98;285;134;3;51;0,38;0,53;0,96;45;0;0,025;0,053;0;4,6;0
H020;Escarola;gramos;1,33;93,3;11,8;1,6;0,2;0,048;0,004;0,087;0;0,9;3,1;0,9;10;381;44;67;2,77;0,79;0,4;142,56;108;0,026;0,035;0;11,1;0
H021;Espárrago;gramos;3,33;93;17,8;2,2;0,2;0,046;0,006;0,088;0;1,8;2,1;0,7;7;196;25;39;1;0,54;0,4;52,1;38;0,186;0,162;0;7,7;0
H022;Espinaca;gramos;1,66;92,3;24,83;3,9;0,39;0,062;0,01;0,163;0;1,43;1,21;1,4;36;918;95;92;3,08;0,53;0,72;192;464,31;0,098;0,21;0;9,68;0
H023;Habas fresca;gramos;2,5;73,4;80,72;6,7;0,8;0,152;0,017;0,341;0;11,68;4,62;2,8;12;502;36;157;1,39;0,64;0,8;105,6;19,8;0,2;0,152;0;22,57;0
H024;Hinojo;gramos;2,85;92,8;11,8;1,9;0,2;0,046;0,006;0,088;0;0,6;3;1,5;50;402;48;49;0,7;0,19;0,3;26,19;7;0,036;0,036;0;15,9;0
H025;Hongos frescos;gramos;1;92,46;23,66;3,11;0,34;0,046;0,006;0,139;0;2,04;1,2;0,85;4;314;3;85;0,52;0,52;3,85;16;0;0,091;0,416;0,04;2,4;0
H026;Hongos enlatados;gramos;1;91,08;20,85;1,87;0,29;0,038;0,005;0,113;0;2,69;2,4;1,67;425;129;11;66;0,79;0,72;1,59;12;0;0,085;0,021;0;0;0
H027;Lechuga;gramos;1,66;95,07;12,75;1,36;0,15;0,02;0,006;0,082;0;1,49;1,3;0,62;28;194;36;29;0,86;0,18;0,38;38;370;0,07;0,08;0;18;0
H028;Mandioca;gramos;1,42;59,68;153;1,36;0,28;0,074;0,075;0,048;0;36,26;1,8;0,62;14;271;16;27;0,27;0,34;0,85;27;1;0,087;0,048;0;20,6;0
H029;Palmitos en lata;gramos;1;90,2;24,54;2,52;0,62;0,013;0,103;0,202;0;2,22;2,4;2,04;426;177;58;65;3,13;1,15;0,44;39;0;0,011;0,057;0;0;0
H030;Papa;gramos;1,33;78;82,5;2,7;0,1;0;0;0;0;17,7;1,6;0,5;24;493;36;72;0,86;0,4;1,9;12,8;0;0,13;0,106;0;9,85;0
H031;Pepino;gramos;1,43;96,1;11,7;0,7;0,1;0,013;0,002;0,003;0;2;0,7;0,4;13;141;23;24;0,3;0,17;0,1;14;4;0,044;0,057;0;6,1;0
H032;Puerro;gramos;1,92;88,2;38,44;2,5;0,4;0,037;0,004;0,156;0;6,21;1,69;1;81;199;58;6;0,65;0,11;0,5;60;78;0,111;0,03;0;4,32;0
H033;Rabanito;gramos;2,04;91,8;22,7;1,3;0,1;0,031;0,017;0,046;0;4,15;1,65;1;40,47;241,8;25,94;20,75;0,35;0,29;0,5;25,94;0;0,067;0,04;0;17,7;0
H034;Radicheta;gramos;1,12;90;11,68;2,2;0;0,074;0,006;0,134;0;0,72;4,08;1,3;97;339;138;64;1,71;0,43;0,51;112;292;0,06;0,1;0;14,8;0
H035;Remolacha;gramos;1,33;85,6;42,8;2,4;0;0,275;0,337;0,062;0;8,3;2,8;0,9;51;399;13;46;2,86;0,36;0,7;109;2;0,065;0,053;0;3,68;0
H036;Repollito bruselas;gramos;1,13;84,9;42,34;4,4;0,5;0,062;0,023;0,153;0;5,06;3,84;1,3;25,25;393;42,4;69,7;1,41;0,42;0,75;109;38,4;0,14;0,09;0;63,76;0
H037;Repollo;gramos;1,37;94;14,08;2,4;0;0;0;0;0;1,12;0,78;1,7;17;241;46;23;0,59;0,18;0,3;42;8,8;0,102;0,16;0;23;0
H038;Tomate fresco;gramos;1,1;94;17,4;1;0,2;0,045;0,05;0,135;0;2,9;1,2;0,9;5;267;9;43;1,67;0,17;0,4;15;42,2;0,071;0,062;0;18,1;0
H039;Tomate conserva en lata;gramos;1;94,34;16,41;0,8;0,13;0,018;0,021;0,054;0;3,01;0,9;0,82;128;188;31;19;0,97;0,14;0,74;8;6;0,045;0,047;0;9;0
H040;Zanahoria;gramos;1,13;86;42,32;1,1;0,24;0,032;0,012;0,102;0;8,94;3,06;0,8;22;366;37;46;0,47;0,25;0,3;19,38;614;0,08;0,069;0;3,9;0
H041;Zapallito;gramos;1,39;96;10,1;0,8;0,18;0,036;0,014;0,074;0;1,32;1,08;0,8;2;203;24;33;1,51;0,29;0,48;28,58;9,8;0,047;0,14;0;5,36;0
H042;Zapallo;gramos;1,66;91;25;0,5;0,2;0,052;0,013;0,005;0;5,3;0,5;2,5;2;162;23;14;0,9;0,32;0,4;16;369;0,044;0,058;0;4,83;0
L001;Leche chocolatada;mililitros;1;82,3;81,35;3,17;3,39;2,104;0,99;0,124;12;9,54;0,8;0,8;60;167;112;101;0,24;0,41;0,13;5;26;0,037;0,162;0,33;0;0
L002;Leche de cabra entera fluida;mililitros;1;86,2;78,3;3,3;5,9;2,667;1,109;0,149;11;3;0;1,6;27;171;153;139;0,26;0,3;0,28;1;57;0,048;0,138;0,07;0;0
L003;Leche de oveja entera fluida;mililitros;1;82,6;98,5;5,5;6,5;4,51;1,689;0,301;26;4,5;0;0,9;30;187;207;123;0,1;0,52;0,4;7;43;0,065;0,347;0,69;0;0
L004;Leche de vaca parcialmente descremada;mililitros;1;90,1;43,8;3,2;1,4;0,963;0,837;0,06;8;4,6;0;0,68;55;138;120;109;0,08;0,33;0,09;5;32,5;0,04;0,185;0,46;0;0
L005;Leche de vaca parcialmente descremada con vitaminas A y D;mililitros;1;90,1;43,8;3,2;1,4;0,963;0,837;0,06;8;4,6;0;0,68;55;138;120;109;0,08;0,33;0,09;5;63;0,04;0,185;0,46;0;0
L006;Leche de vaca entera fluida;mililitros;1;88,7;56,9;3,1;2,9;1,85;0,803;0,193;10;4,6;0;0,66;57;137;123;95;0,07;0,33;0,11;5;28;0,043;0,181;0,435;0;0
L007;Leche de vaca entera fluida con vitaminas A y D;mililitros;1;88,7;56,9;3,1;2,9;1,85;0,803;0,193;10;4,6;0;0,66;57;137;123;95;0,07;0,33;0,11;5;63;0,043;0,181;0,435;0;0
L008;Leche en polvo descremada;mililitros;1;3,2;359,4;35,5;1;0,493;0,198;0,029;20;52,1;0;8,15;563;1640;1303;1027;0,53;4,27;0,94;50;6;0,41;1,53;4,03;0;0
L009;Leche en polvo deslactosada con vitaminas A y D;mililitros;1;4,28;490;26;26;14,76;6,973;0,585;85;38;0;5,72;404;1224;821;761;0,54;3,32;0,57;33;227;0,249;1,062;2,86;0;0
L010;Leche en polvo entera;mililitros;1;2,8;490,4;25,8;24,8;14,76;6,973;0,585;85;41;0;5,72;404;1224;821;761;0,54;3,32;0,57;33;227;0,249;1,062;2,86;0;0
L011;Leche entera fluida desactosada con vitaminas A y D;mililitros;1;88,7;57,8;3;3;1,87;0,87;0,11;12;4,7;0;0,6;49;151;105;80;0,05;0,38;0,08;8,33;63;0,04;0,16;0,36;0;0
L012;Leche parcialmente descremada Fluida deslactosada con vitaminas A y D;mililitros;1;88,7;45,5;3,3;1,5;0,94;0,43;0,06;6;4,7;0;0,6;49;153;140;110;0;0,39;0,09;8,33;63;0,04;0,16;0,36;0;0
L013;Postres de leche bebible (tipo Danonino);mililitros;1;77,5;99,36;2,4;2,4;1,493;0,691;0,089;9;17,04;0,06;0,54;38;119;120;68;0,03;2,1;0,06;25,17;102;0,03;0,11;0,26;0;0
L014;Postres de leche listos para consumir (tipo Danonino);mililitros;1;69,5;120,92;6,5;3,2;2,04;0,88;0,21;9;16,53;0,07;4,13;37;116;160;108;0;2,1;0,01;25;100;0,01;0,02;0,06;0;0
L015;Postres de leche listos para consumir (tipo Serenito);mililitros;1;61,7;182,9;3,4;6,1;3,89;1,69;0,4;11;28,6;0;0,2;93;160;112;133;0,04;1,7;0,08;27,83;117;0,03;0,14;0,33;0;0
L016;Postres de leche listos para consumir diet (tipo Ser);mililitros;1;77,1;80,05;4;0,05;0,03;0,01;0,002;23;15,9;0,3;2,35;109;192;146;157;0;0,46;0,09;54,73;152;0,04;0,25;0,41;0;0
L017;Probióticos descremados;mililitros;1;77,5;88,3;2,7;1,5;0,731;0,636;0,051;6;16;0;2,3;38;119;98;68;0,03;2,1;0,06;25,17;102;0,03;0,11;0,26;0;0
L018;Probióticos enteros;mililitros;1;77,5;88,3;2,7;1,5;0,731;0,636;0,051;6;16;0;2,3;38;119;98;68;0,03;2,1;0,06;25,17;102;0,03;0,11;0,26;0;0
L019;Leche entera en polvo fortificada con hierro (Plan Materno infantil y otros);mililitros;1;2,8;490,4;25,8;24,8;14,76;6,973;0,585;85;41;0;5,72;404;1224;821;761;12;3,32;0,57;33;227;0,249;1,062;2,86;2,86;0
L020;Leche entera fluida fortificada con hierro;mililitros;1;88,7;56,9;3,1;2,9;1,87;0,87;0,11;12;4,6;0;0,66;57;137;123;95;1,5;0,33;0,11;5;63;0,043;0,181;0,435;0;0
L021;Leche Chocolatada Cindor;mililitros;1;83,1;72,24;3,21;1,48;0,92;0,43;0,05;5;11,52;0,04;0,61;77;162;117;134;0,3;0,43;0,09;7,8;52;0,04;0,16;0,34;0;0
L022;Fórmula de inicio en polvo;mililitros;1;2,42;484,7;10,4;25,9;11,2;11;3,7;85;52,5;3;5,72;141;474;358;179;3,7;3,7;5,7;141,66;478;0,3;0,78;1,5;62;0
L023;Fórmula de seguimiento en polvo;mililitros;1;2,38;473,9;12,5;23,5;10,2;10;3,3;85;53,1;2,8;5,72;190;589;611;349;9;6,4;5,8;131,66;454;0,28;0,78;1,1;58;0
L024;Fórmula de inicio fluida;mililitros;1;86,94;65,5;1,4;3,5;1,5;1,5;0,5;12;7,1;0,4;0,66;15;61;42;21;0,8;0,5;0,05;6;60;0,04;0,009;0,15;5,4;0
L025;Fórmula de seguimiento fluida;mililitros;1;86,04;65,69;2,23;2,93;1,41;1,38;0,45;12;7,6;0,4;0,49;33;100;80;61;1,2;0,5;0,5;6;60;0,04;0,009;0,15;5,3;0
M001;Mayonesa;gramos;1;10;741,72;1,68;79;9;21,5;48,5;58;6;0;2,3;869;52;27;43;0,77;0,23;0;12;84;0;0;0,4;0;0
M002;Mayonesa reducida en calorías;gramos;1;50;328,64;0,98;32;3,5;8,7;19,8;39;9,18;0;2,14;754;45;9;39;0,36;0,2;0;4;23;0,02;0;0;0;0
M003;Mayonesa de soja;gramos;1;15,3;723,8;1,1;78,2;11,885;19,598;42,674;38;3,9;0;1,5;568;34;18;28;0,5;0,16;0,01;8;84;0;0;0,26;0;0
M004;Salsa Golf;gramos;1;29,81;514,72;1,72;53,12;6,057;14,44;32,58;39;7,44;0,43;3,45;1113;382;24;40;0,68;0,24;0,5;13;72;0,004;0,154;0;0;0
M005;Ketchup;gramos;1;70,04;102,87;1,81;0,59;0,082;0,09;0,241;0;22,58;1,3;3,68;1113;382;18;33;0,51;0,26;1,5;15;47;0,013;0,468;0;0;0
M006;Mostaza;gramos;1;81,64;62,11;3,95;3,11;0,158;2,144;0,583;0;4,58;3,2;3,52;1120;151;80;88;1,85;0,6;0,46;8;7;0,051;0,025;0;0;0
M007;Caldos en cubo;gramos;1;3,3;169,6;17,3;4;1,99;1,67;0,16;4;16,1;0;59,3;24000;403;60;225;2,23;0,21;3,3;32;0;0,2;0,24;1;0;0
M008;Caldos en polvo diet;gramos;1;3,27;238,49;15,97;8,89;4,32;3,616;0,332;10;23,65;0;48,22;16982;446;60;320;1;0;4,47;32;0;0,07;0,243;1;0;0
M009;Caldos en polvo diet sin sal;gramos;1;3,27;238,49;15,97;8,89;4,32;3,616;0,332;10;23,65;0;48,22;2000;446;60;320;1;0;4,47;32;0;0,07;0,243;1;0;0
M010;Sopa crema instantánea;gramos;1;4,4;369,5;15,31;9,1;1,36;3,91;3,42;2;56,59;0;14,6;4450;555;47;267;2,1;1,3;2,4;17;2;0,36;0,44;1;0;0
M011;Sopa crema diet instantánea;gramos;1;4,4;296,6;15,31;1;0,149;0,429;0,375;0;56,59;0;22,7;4450;555;47;267;2,1;1,3;2,4;17;2;0,36;0,44;1;0;0
M012;Sopa crema diet instantánea sin sal;gramos;1;4,4;296,6;15,31;1;0,149;0,429;0,375;0;56,59;0;22,7;2000;555;47;267;2,1;1,3;2,4;17;2;0,36;0,44;1;0;0
M013;Chizitos;gramos;1;1,5;550,8;7,6;34,4;6,59;20,28;4,76;4;52,7;1,1;2,7;1050;166;58;108;1,1;0,38;1,18;23;23;0,26;0,2;0,14;0;0
M014;Palitos;gramos;1;2,2;536;6,7;34,4;8,88;6,16;17,9;0;49,9;3,4;3,3;250;1237;18;172;2,27;0,99;4,79;40;0;0,096;0,116;0;0;0
M015;Papas fritas;gramos;1;1,9;533;7;34,6;10,96;9,84;12,17;0;48,4;4,5;3,6;594;1275;24;165;1,63;1,09;3,83;45;0;0,167;0,197;0;0;0
P001;Pescados de Mar Promedio: Corvina blanca, brótola, merluza, lenguado, gatuso;gramos;1,97;79,72;81,96;17,82;1,08;0,13;0,117;0,24;57;0,24;0;1,16;86,5;272;19,5;211,5;2;0,37;8,75;12;17;0,078;0,259;1,19;0;0
P002;Pescados de Río Promedio: Trucha, palometa, surubí, dorado;gramos;1,97;73,03;134,3;19,49;6,18;1,554;1,539;1,805;59;0,18;0;1,22;53,5;363,5;43,5;242,5;1,09;0,41;8,22;11;84;0,203;0,073;3,77;0;0
P003;Calamar;gramos;1;79,1;80,3;18,5;0,7;0,182;0,054;0,267;228;0;0;1,73;43,69;244,3;31,77;219,46;0,68;1,52;2,16;4,667;10;0,019;0,409;1,29;0;0
P004;Camarón;gramos;1;76,6;91,4;21;0,8;0,152;0,117;0,309;70;0,05;0;1,55;147;183,2;51,49;203,01;2,38;1,1;2,53;3;53;0,027;0,033;1,14;0;0
P005;Langostino;gramos;1;75,3;96,82;22;0,9;0,152;0,117;0,309;70;0,18;0;1,65;147;183,2;51,49;203,01;2,38;1,1;2,53;3;53;0,027;0,033;1,14;0;0
P006;Mejillón;gramos;1,96;83;64,38;11,9;1,1;0,208;0,248;0,587;14;1,72;0;2,27;289;315;88;236;5,8;1,55;2,9;41;47;0,049;0,305;11,65;0;0
P007;Atún en agua;gramos;1;73,19;121,21;23,62;2,97;0,792;0,784;1,109;42;0;0;1,46;377;237;14;217;0,97;0,48;5,8;2;6;0,008;0,044;1,17;0;0
P008;Atún en aceite;gramos;1;59,83;190,41;29,13;8,21;1,534;2,949;2,885;18;0;0;2,76;354;207;13;311;1,39;0,9;12,4;5;23;0,038;0,12;2,2;0;0
P009;Anchoa pasta;gramos;1;50,3;202,95;28,89;9,71;2,203;3,77;2,562;85;0;0;11,1;3668;544;232;252;4,63;2,44;19,9;13;12;0,078;0,363;0,88;0;0
P010;Anchoa en aceite;gramos;1;50,3;202,95;28,89;9,71;2,203;3,77;2,562;85;0;0;11,1;3668;544;232;252;4,63;2,44;19,9;13;12;0,078;0,363;0,88;0;0
P011;Caballa tronco;gramos;1;69,17;149,46;23,19;6,3;1,857;2,225;1,651;79;0;0;1,73;379;194;241;301;2,04;1,02;6,18;5;130;0,04;0,212;6,94;0;0
P012;Caballa enlatada;gramos;1;69,17;149,46;23,19;6,3;1,857;2,225;1,651;79;0;0;1,73;379;194;241;301;2,04;1,02;6,18;5;130;0,04;0,212;6,94;0;0
P013;Sardinas en aceite;gramos;1,22;59,61;201,53;24,62;11,45;1,528;3,869;5,148;142;0;0;3,38;505;397;382;490;2,92;1,31;5,25;12;32;0,08;0,227;8,94;0;0
Q001;Queso crema entero untable;gramos;1;66,2;245,4;6,6;22,6;14,8;6,8;0,7;76;3,9;0;0,64;74;148;56;97;0,3;0,5;0,1;13;289;0;0,2;0,11;0;0
Q002;Queso semidescremado untable;gramos;1;77,8;104;11,5;4;2,53;1,139;0,123;13;5,5;0;1,14;90;202;102;175;0,14;0,37;0,13;12,17;44,65;0,02;0,62;0,062;0;0
Q003;Queso descremado untable;gramos;1;78,6;81,9;13,7;0,3;0,189;0,085;0,009;1;6,1;0;1,29;106;260;116;198;0,13;0,33;0,12;21,83;40,2;0,02;0,148;0,022;0;0
Q004;Ricota;gramos;1;70,9;169;11,6;11,8;7,54;3,297;0,35;46;4,1;0;1,58;84,94;106,2;209,33;159,78;0,38;1,17;0,11;12,1;121,35;0,013;0,197;0,34;0;0
Q005;Fundido;gramos;1;39,09;364,14;24,48;29,58;18,428;8,471;1,032;102;0;0;6,83;732,13;96,8;645,56;476,38;0,4;3,33;0,15;14,07;234,71;0,067;0,368;1;0;0
Q006;Quesos de Pasta Blanda Promedio: cuartirolo, doble crema, Limburgues, muzzarella;gramos;1;52,05;289,22;21,05;21,98;13,88;5,749;0,63;62;1,8;0;3,12;569,5;66,8;452,03;405,05;0,83;1,98;0,23;9,555;235,31;0,039;0,559;1,215;0;0
Q007;Quesos de Pasta Semidura Promedio: Azul, Chubut, Fontina, Gruyère, Holanda, Mar del Plata, Pategrás, Queso de máquina, Roquefort, Taif, Tandil;gramos;1;39,09;364,14;24,48;29,58;18,428;8,471;1,033;102;0;0;6,83;732,13;96,8;645,56;476,38;0,4;3,33;0,15;14,07;235;0,067;0,368;1;0;0
Q008;Quesos de Pasta Dura Promedio: Goya, Parmesano, Provolone, Reggianito, Sardo, Sbrinz;gramos;1;32,82;384,42;31,46;27,22;14,84;6,79;0,51;77;3,4;0;7,87;998;65,8;996;698;0,7;2,37;0,15;6,19;90,05;0,055;0,333;1,03;0;0
S001;Hierro (elemental);miligramos;1;0;0;0;0;0;0;0;0;0;0;0;0;0;0;0;100;0;0;0;0;0;0;0;0;0
S002;Ácido fólico (elemental);microgramos;1;0;0;0;0;0;0;0;0;0;0;0;0;0;0;0;0;0;0;166,66;0;0;0;0;0;0
S003;Vitamina A (elemental);Neto: mcg  Bruto: U.I.;3,33;0;0;0;0;0;0;0;0;0;0;0;0;0;0;0;0;0;0;0;100;0;0;0;0;0
S004;Vitamina D (elemental);Unidades Internacionales;1;0;0;0;0;0;0;0;0;0;0;0;0;0;0;0;0;0;0;0;0;0;0;0;0;100
S005;Calcio (elemental);miligramos;1;0;0;0;0;0;0;0;0;0;0;0;0;0;100;0;0;0;0;0;0;0;0;0;0;0
S006;Vitamina B12 (elemental);microgramos;1;0;0;0;0;0;0;0;0;0;0;0;0;0;0;0;0;0;0;0;0;0;0;100;0;0
S007;Ensure Polvo;mililitros;1;6,8;449;16,2;16,2;2,12;3,95;8,68;9;59,6;0;1,2;359;664;225;225;4;5;8,94;298;350;0,68;0,76;2,68;68;0
S008;Ensure Plus;mililitros;1;65,9;149,56;5,49;4,8;0,42;2,66;1,6;2;21,1;0;2,7;101,2;186;84,4;84,4;1,9;1,6;2,1;70;158;0,16;0,18;0,63;12,7;0
S009;Ensure Plus drink;mililitros;1;65,93;150,08;6,25;4,92;0,42;2,66;1,6;2;20,2;0;2,7;120;200;117;92;2,67;1,6;3;55;116;0,2;0,27;0,75;11,9;0
S010;Kas Mil (por 100 g de polvo);mililitros;1;2,8;493,8;16,2;25;3,8;7,95;12,17;0;51;0;5;400;610;510;350;6,1;5,1;1,5;38;456;0,25;0,37;0,9;50;0
U001;Huevo de gallina entero crudo;gramos;1,19;74,9;155,8;12;11,8;3,18;4,53;2,89;449;0,4;0;0,95;135;138;56;213;2,53;1,15;0,2;48,88;145,6;0,2;0,523;1,34;0;0
U002;Huevo de gallina clara cruda;gramos;1;87,1;48,2;11,6;0,2;0;0;0;0;0;0;1,1;186;142;10;28;0,86;0,03;0,11;4;0;0,004;0,439;0,09;0;0
U003;Huevo de gallina yema cruda;gramos;1;52,1;324,7;16,6;28,7;9,551;11,738;4;1315;0;0;2,6;48;109;129;390;2,73;2,3;0,02;146;381;0,176;0,528;1,95;0;0
U004;Huevo de codorniz entero crudo;gramos;1,19;71,9;174,5;13,6;13,3;4,268;5,188;1,588;430;0,1;0;1,1;145;136;66;233;3,75;1,51;0,15;68;160;0,133;0,813;1,63;0;0
Y001;Yogur entero natural;gramos;1;86,1;66,6;4,6;3;1,934;0,824;0,084;12;5,3;0;1;47;158;123;97;0,05;0,6;0,08;7;27,5;0,029;0,145;0,38;0;0
Y002;Yogur entero saborizado;gramos;1;79,8;88,8;4,4;2,4;1,548;0,659;0,068;9;12,4;0;1;59;172;125;114;0,1;0,44;0,1;8,95;29;0,048;0,183;0,376;0;0
Y003;Yogur descremado;gramos;1;88,5;42,6;4,3;0,2;0,129;0,054;0,005;2;5,9;0;1,1;75;177;110;125;0,09;0,37;0,08;8;0;0,033;0,159;0,42;0;0
Y004;Yogur entero bebible saborizado;gramos;1;80,8;86,6;2,7;2,6;1,677;0,714;0,074;8;13,1;0;0;42,1;124;93;71;0,03;0,34;0,06;6,05;28;0,03;0,13;0,3;0;0
Y005;Yogur descremado bebible;gramos;1;91,5;30,05;3;0,05;0,032;0,014;0,001;2;4,4;0;1,05;47,6;139;110;85;0,09;0,35;0,07;29,1;0;0,03;0,14;0,33;0;0
Y006;Flan listo para consumir;gramos;1;74,63;113,52;2,95;3;1,8;0,821;0,111;12;18,68;0;0,74;112;160;111;84;0,06;0,35;0,08;4;29;0,031;0,145;0,26;0;0
Y007;Flan diet  listo para consumir;gramos;1;74,63;106,02;3,7;1,5;0,9;0,41;0,055;6;19,43;0;0,74;112;160;111;84;0,06;0,35;0,08;4;29;0,031;0,145;0,26;0;0
